year,inflation,exchange_rate,gdp_growth,unemployment,broad_money,exports,imports,oil_rents,remittances,date
1986.0,3.5,16.65,5.5,3.3,224.84,3.92,6.42,0.5,2.45,1986-01-01
1986.0833333333333,3.183409897892924,16.816934817316742,5.40862930105572,3.2792036319562645,228.64312546696868,4.043543862209348,6.329165727060115,0.542984115652554,2.448310494532126,1986-02-01
1986.1666666666667,2.9667394359484733,16.95707866779759,5.362531634686147,3.258880712580892,232.24945733386758,4.158101644422343,6.2574681726647485,0.5778346938885893,2.441312937350541,1986-03-01
1986.25,2.842735818597436,17.072772396911745,5.357654401970587,3.239114463712219,235.66768138250256,4.264130414516845,6.203893645229419,0.6051017532609413,2.429464626085822,1986-04-01
1986.3333333333333,2.804146250268709,17.166356850129585,5.389945003987918,3.2199881071884118,238.90648339470903,4.362087240371662,6.167428453169036,0.6253353123227403,2.4132228583684934,1986-05-01
1986.4166666666667,2.8437179353921236,17.240172872921242,5.455350841817428,3.2015848648476473,241.97454915232055,4.452429189865514,6.147058904898691,0.6390853896270398,2.3930449318290306,1986-06-01
1986.5,2.954198078397069,17.296561310756278,5.549819316537814,3.18398795852825,244.8805644371458,4.535613330876394,6.141771308833623,0.6469020037267901,2.3693881440980826,1986-07-01
1986.5833333333333,3.1283338837131733,17.337863009104886,5.669297829228274,3.1672806100683926,247.63321503101875,4.612096731283041,6.1505519733888825,0.649335173175062,2.342709792806135,1986-08-01
1986.6666666666667,3.358872555770757,17.366418813437082,5.809733780968285,3.151546041306258,250.24118671577182,4.682336458964125,6.1723872069796775,0.6469349165248671,2.313467175583643,1986-09-01
1986.75,3.638561298998169,17.384569569222673,5.967074572836133,3.1368674740801565,252.71316527321608,4.746789581797746,6.206263318021014,0.6402512523292438,2.2821175900613015,1986-10-01
1986.8333333333333,3.960147317825585,17.394656121931718,6.137267605911241,3.1233281302282685,255.05783648518437,4.805913167662588,6.251166614928063,0.6298341991412166,2.249118333869572,1986-11-01
1986.9166666666667,4.316377816683642,17.39901931703418,6.31626028127317,3.111011231588785,257.2838861335079,4.860164284437276,6.306083406116116,0.6162337755137688,2.214926704638897,1986-12-01
1987.0,4.7,17.4,6.5,3.1,259.4,4.91,6.37,0.6,2.18,1987-01-01
1987.0833333333333,5.10376107220521,17.39993901629915,6.6844341631712725,3.090377657300101,261.4148638664923,4.9558773822293976,6.44190270499498,0.5816828911529017,2.1447955175833258,1987-02-01
1987.1666666666667,5.520408237730044,17.401177211401606,6.865510171866538,3.082227425327293,263.3371635148153,4.998253499004064,6.520777829516411,0.5618324675254425,2.1097705550193155,1987-03-01
1987.25,5.942688701001832,17.406055430777325,7.039175427163866,3.0756325259198443,265.1755847267838,5.037585418202254,6.605611681978986,0.5409987476707562,2.075382409938699,1987-04-01
1987.3333333333333,6.363349666451319,17.41691451989626,7.2013773301428206,3.070676180915955,266.9388132842289,5.0743302077025705,6.695390570798042,0.5197317501418148,2.0420883799719154,1987-05-01
1987.4166666666667,6.775138338509233,17.436095324228436,7.348063281882843,3.0674416121538424,268.63553496898027,5.1089449353835885,6.7891008043889665,0.4985814934915857,2.010345762749418,1987-06-01
1987.5,7.170801921602932,17.465938689243718,7.475180683462187,3.06601204147175,270.2744355628542,5.141886669123607,6.885728691166377,0.47809799627320987,1.980611855901918,1987-07-01
1987.5833333333333,7.543087620163177,17.508785460412103,7.578676935960341,3.0664706907078902,271.8642008476807,5.173612476801203,6.984260539545652,0.4588312770396535,1.9533439570598623,1987-08-01
1987.6666666666667,7.884742638620475,17.56697648320373,7.654499440456536,3.0689007817004974,273.41351660528943,5.204579426294948,7.083682657942191,0.4413313543438961,1.9289993638537253,1987-09-01
1987.75,8.188514181402565,17.64285260308825,7.698595598029413,3.0733855362877818,274.93106861749743,5.235244585483155,7.182981354770581,0.4261482467390587,1.9080353739141782,1987-10-01
1987.8333333333333,8.44714945294005,17.73875466553576,7.706912809758285,3.0800081763079716,276.4255426661342,5.266065022244396,7.281142938446217,0.41383197277811523,1.8909092848716864,1987-11-01
1987.9166666666667,8.653395657663035,17.85702351601657,7.675398476722071,3.088851923599319,277.9056245330293,5.297497804457239,7.37715371738449,0.40493255101407094,1.8780783943567576,1987-12-01
1988.0,8.8,18.0,7.6,3.1,279.38,5.33,7.47,0.4,1.87,1988-01-01
1988.0833333333333,8.882332850321967,18.16889360822708,7.478518305517973,3.113336664769295,280.85750587260594,5.363843599613501,7.558784795552275,0.3994972826988349,1.8669634536532231,1988-02-01
1988.1666666666667,8.906257242762356,18.360388412522205,7.316168418588899,3.1279503268506463,282.34758305132715,5.398560285487606,7.643077916677333,0.403539139713304,1.8685863240535467,1988-03-01
1988.25,8.880259377395237,18.570037129978957,7.120018889373946,3.1427304326084062,283.8598234603619,5.43349666267414,7.722565876854636,0.412153256056034,1.874318234159384,1988-04-01
1988.3333333333333,8.812825454294945,18.793392477692453,6.897138268032991,3.15656642840705,285.4038190239203,5.46799933622522,7.796935189564349,0.42536731673967804,1.8836088069291568,1988-05-01
1988.4166666666667,8.712441673535352,19.026007172757968,6.654595104725621,3.1683477606110415,286.9891616662129,5.501414911192956,7.865872368286577,0.44320900677693975,1.895907665321326,1988-06-01
1988.5,8.587594235191206,19.263433932268843,6.399457949613439,3.17696387558475,288.6254433114374,5.533089992629182,7.929063926500866,0.4657060111803704,1.910664432294247,1988-07-01
1988.5833333333333,8.446769339336473,19.501225473320343,6.138795352856077,3.1813042196926467,290.3222558838041,5.562371185586014,7.986196377687342,0.4928860149626609,1.927328730806373,1988-08-01
1988.6666666666667,8.298453186044924,19.734934513007715,5.879675864613103,3.1802582392991567,292.0891913075242,5.588605095115539,8.036956235326059,0.524776703136553,1.9453501838161782,1988-09-01
1988.75,8.151131975391575,19.960113768424307,5.629168035046213,3.172715380768719,293.9358415067942,5.611138326269633,8.081030012896665,0.5614057607145216,1.9641784142819867,1988-10-01
1988.8333333333333,8.013291907450217,20.172315956665397,5.3943404143149625,3.1575650904657735,295.871798405825,5.629317484100391,8.118104223879232,0.6028008727092957,1.9832630451622695,1988-11-01
1988.9166666666667,7.893419182294737,20.367093794826108,5.182261552579078,3.1336968147546798,297.90665392882863,5.6424891736598655,8.147865381753757,0.6489897241336563,2.0020536994155007,1988-12-01
1989.0,7.8,20.54,5.0,3.1,300.05,5.65,8.17,0.7,2.02,1989-01-01
1989.0833333333333,7.739939933913805,20.687987708199152,4.852765762905454,3.0562756836227174,302.3098464393711,5.651693821168282,8.184410659091819,0.755571033607273,2.0365752048408385,1989-02-01
1989.1666666666667,7.713822050480162,20.813611731102995,4.738334672295798,3.0059712672701226,304.68787465025576,5.649403507193822,8.19186420747834,0.8142887513991779,2.051347111729456,1989-03-01
1989.25,7.720648789417217,20.920827299306843,4.652624015340347,2.9534457436465313,307.1841839317685,5.645459181101186,8.193343560602466,0.8744507281051079,2.0639071534237665,1989-04-01
1989.3333333333333,7.75942259044286,21.01358964340708,4.591551079207447,2.9030581054558464,309.79887358304325,5.642190965914914,8.189831633907184,0.9343545384549377,2.073846762681811,1989-05-01
1989.4166666666667,7.829145893275324,21.09585399399991,4.551033151065711,2.859167345401992,312.532042903215,5.6419289846595575,8.182311342835416,0.9922977571785387,2.080757372261601,1989-06-01
1989.5,7.928821137632236,21.171575581680905,4.526987518084054,2.8261324561892507,315.3837911913963,5.647003360359668,8.171765602830153,1.0465779590053086,2.0842304149210946,1989-07-01
1989.5833333333333,8.05745076323175,21.2447096370463,4.515331467431037,2.808312430521523,318.35421774672216,5.659744216039781,8.159177329334328,1.0954927186651267,2.083857323418312,1989-08-01
1989.6666666666667,8.214037209792334,21.3192113906923,4.5119822862753605,2.8100662611028766,321.4434218683285,5.682481674724522,8.145529437790856,1.1373396108878135,2.079229530511232,1989-09-01
1989.75,8.397582917031137,21.399036073214507,4.512857261785733,2.8357529406373443,324.651502855326,5.717545859438315,8.13180484364276,1.1704162104028546,2.0699384689578753,1989-10-01
1989.8333333333333,8.607090324666556,21.488138915209138,4.513873681130838,2.8897314618289336,327.9785600068504,5.767266893205752,8.118986462332957,1.1930200919400928,2.0555755715162327,1989-11-01
1989.9166666666667,8.84156187241727,21.590475147272485,4.510948831479357,2.9763608173819627,331.4246926220389,5.833974899051585,8.108057209304365,1.2034488302292556,2.03573227094424,1989-12-01
1990.0,9.1,21.71,4.5,3.1,334.99,5.92,8.1,1.2,2.01,1990-01-01
1990.0833333333333,9.380303247355991,21.84943912379032,4.478589939157134,3.2631809711102013,338.681146564341,6.0267595879354605,8.095707984746996,1.1816329347237373,1.978234569575989,1990-02-01
1990.1666666666667,9.675954555317233,22.00659984825175,4.450863262597728,3.461127567031845,342.5310572365526,6.152020130181691,8.095715253409404,1.1499540028383215,1.9413493031027227,1990-03-01
1990.25,9.979332964935892,22.178059922793658,4.422610049264667,3.6872365928054682,346.5792220625642,6.292635362921117,8.10046613073549,1.1072313315235343,1.90052190214555,1990-04-01
1990.3333333333333,10.282817517266556,22.360397096826684,4.399620378100596,3.9349048534731983,350.86513108833634,6.445459022337178,8.110404941473519,1.0557330479589102,1.8569300682695242,1990-05-01
1990.4166666666667,10.578787253363819,22.550189119761583,4.387684328048224,4.197529154077398,355.4282743598322,6.607344844613446,8.1259760103718,0.9977272793238889,1.811751503039667,1990-06-01
1990.5,10.859621214279844,22.744013741007542,4.392591978050347,4.468506299658249,360.3081419229774,6.77514656593215,8.14762366217852,0.9354821527983954,1.766163908021374,1990-07-01
1990.5833333333333,11.117698441069253,22.938448709975304,4.42013340704963,4.7412330952580835,365.5442238237344,6.94571792247684,8.175792221641977,0.8712657955618839,1.7213449847796698,1990-08-01
1990.6666666666667,11.345397974786415,23.130071776075617,4.47609869398899,5.009106345919251,371.1760101080693,7.115912650431098,8.21092601351054,0.8073463347937856,1.6784724348795879,1990-09-01
1990.75,11.535098856483875,23.315460688717657,4.566277917810853,5.265522856681905,377.2429908219019,7.282584485977108,8.25346936253229,0.745991897674059,1.638723959886511,1990-10-01
1990.8333333333333,11.679180127216094,23.49119319731218,4.696461157458047,5.503879432588419,383.78465601119746,7.442587165298455,8.303866593455572,0.6894706113821325,1.6032772613654653,1990-11-01
1990.9166666666667,11.77002082803704,23.653847051269853,4.872438491873839,5.7175728786809685,390.8404957219262,7.592774424578655,8.362562031028826,0.6400506030974864,1.5733100408815242,1990-12-01
1991.0,11.8,23.8,5.1,5.9,398.45,7.73,8.43,0.6,1.55,1991-01-01
1991.0833333333333,11.764310039624238,23.927421305898058,5.381311980465945,6.046093024528339,406.6323323495376,7.851823382644903,8.506565272290494,0.5709643571274688,1.534149711299771,1991-02-01
1991.1666666666667,11.66939676528892,24.038646283298213,5.704045610646734,6.156925872010721,415.32535010726207,7.958627083191102,8.59240440851377,0.5520989409511446,1.5250612314150744,1991-03-01
1991.25,11.524519350839213,24.13740175951852,6.052248287600987,6.235107885131597,424.44658406797475,8.051499367214348,8.687604416455565,0.5419364458007551,1.5216614879940327,1991-04-01
1991.3333333333333,11.338936970119578,24.227414561877943,6.409967408389954,6.2832484065763685,433.91356502654736,8.131528500291289,8.7922523039023,0.5390095660058634,1.5228774086846872,1991-05-01
1991.4166666666667,11.121908796974024,24.312411517695352,6.76125037007499,6.3039567790301065,443.64382377785523,8.199802747998431,8.906435078640506,0.5418509958961117,1.5276359211351302,1991-06-01
1991.5,10.882694005248387,24.396119454288932,7.09014456971456,6.299842345177755,453.5548911166939,8.257410375911734,9.030239748455761,0.5489934298011091,1.534863952993409,1991-07-01
1991.5833333333333,10.630551768786752,24.482265198977565,7.380697404370058,6.273514447704458,463.5642978379384,8.305439649607736,9.163753321134566,0.5589695620504842,1.5434884319076063,1991-08-01
1991.6666666666667,10.374741261433062,24.574575579080168,7.616956271102458,6.227582429295116,473.5895747364645,8.34497883466287,9.307062804463532,0.5703120869738965,1.5524362855258222,1991-09-01
1991.75,10.124521657033366,24.676777421914874,7.782968566970853,6.164655632635035,483.54825260706616,8.377116196653253,9.460255206228075,0.5815536989009086,1.5606344414960807,1991-10-01
1991.8333333333333,9.889152129431604,24.792597554800576,7.862781689036391,6.0873434004091695,493.35786224461935,8.40294000115534,9.62341753421478,0.5912270921611782,1.5670098274664808,1991-11-01
1991.9166666666667,9.67789185247188,24.92576280505631,7.840443034359271,5.9982550753023105,502.93593444399863,8.423538513745513,9.796636796210336,0.5978649610843458,1.5704893710851027,1991-12-01
1992.0,9.5,25.08,7.7,5.9,512.2,8.44,9.98,0.6,1.57,1992-01-01
1992.0833333333333,9.362803816369365,25.257982134098192,7.431752416756075,5.795039523368506,521.0906062133927,8.453226974076987,10.172753148312779,0.5965466738035393,1.564807788928713,1992-02-01
1992.1666666666667,9.265902827971303,25.458166870407958,7.051009850371704,5.685243018999785,529.6403664085167,8.463378944461805,10.370778223647136,0.5879465296533001,1.5555354008665416,1992-03-01
1992.25,9.206964631707256,25.67795803913225,6.579334300331385,5.572331866668148,537.9049104155367,8.47042966822149,10.569116203442247,0.5750228852734454,1.5431446458783193,1992-04-01
1992.3333333333333,9.18365682447782,25.914759470475648,6.038287766116597,5.458027446147006,545.9398680646875,8.474352902423174,10.762808065138918,0.5585990583880723,1.528597334028807,1992-05-01
1992.4166666666667,9.193647003183985,26.165974994642912,5.449432247208062,5.344051137209758,553.8008691862016,8.475122404133952,10.946894786177896,0.5394983667212397,1.5128552753827411,1992-06-01
1992.5,9.234602764726608,26.429008441836725,4.834329743091412,5.232124319630733,561.543543610247,8.472711930420912,11.116417343998435,0.518544127997168,1.4968802800049912,1992-07-01
1992.5833333333333,9.30419170600659,26.701263642261818,4.214542253247469,5.123968373183329,569.2235211670566,8.467095238351165,11.26641671604132,0.4965596599399221,1.4816341579602956,1992-08-01
1992.6666666666667,9.400081423925144,26.980144426123015,3.6116317771570055,5.021304677640979,576.8964316868623,8.45824608499177,11.39193387974712,0.47436828027355593,1.468078719313402,1992-09-01
1992.75,9.519939515382658,27.263054623622843,3.047160314305732,4.925854612777953,584.6179049998336,8.446138227409882,11.488009812555406,0.4527933067223066,1.457175774129167,1992-10-01
1992.8333333333333,9.661433577280274,27.54739806496612,2.542689864174343,4.839339558367669,592.4435709362026,8.430745422672569,11.549685491906823,0.4326580570102275,1.4498871324723317,1992-11-01
1992.9166666666667,9.822231206519378,27.830578580357667,2.119782426244189,4.763480894183644,600.429059326202,8.412041427846876,11.572001895241645,0.41478584886138736,1.4471746044076772,1992-12-01
1993.0,10.0,28.11,1.8,4.7,608.63,8.39,11.55,0.4,1.45,1993-01-01
1993.0833333333333,10.192287194898604,28.38326589844887,1.5990278895478374,4.650195641257214,617.084808769067,8.364938859935913,11.480952227050283,0.3889137624732415,1.459026540392811,1993-02-01
1993.1666666666667,10.39615858949233,28.64877882766365,1.5090446174947882,4.613676126063868,625.763045369829,8.338551583406224,11.371056770972455,0.38130012562078214,1.4737230910446548,1993-03-01
1993.25,10.608559622331763,28.905141083952486,1.5163520110734707,4.589627148195815,634.6170555198785,8.312875709899691,11.228743269775444,0.3767220131054635,1.4932599284926895,1993-04-01
1993.3333333333333,10.826435731969148,29.15095496362569,1.6072518975156516,4.577234401428595,643.5991849368789,8.289948778904845,11.062441361467325,0.37474234859006145,1.5168073292741893,1993-05-01
1993.4166666666667,11.046732356956788,29.384822762993476,1.7680461040540094,4.5756835795378725,652.6617793384954,8.27180832991025,10.880580684055902,0.3749240557373802,1.5435355699264706,1993-06-01
1993.5,11.266394935845177,29.60534677836415,1.985036457919794,4.584160376299313,661.7571844423185,8.260491902404612,10.6915908755505,0.3768300582102189,1.5726149269866267,1993-07-01
1993.5833333333333,11.48236890718662,29.81112930604796,2.2445247863455133,4.601850485488552,670.8377459660127,8.258037035876479,10.503901573958956,0.3800232796713765,1.603215676991968,1993-08-01
1993.6666666666667,11.69159970953338,30.000772642354974,2.532812916564138,4.627939600881328,679.8558096272428,8.266481269814495,10.325942417289122,0.3840666437836658,1.63450809647982,1993-09-01
1993.75,11.891032781436005,30.172879083593745,2.836202675806221,4.661613416253155,688.7637211435992,8.287862143707224,10.166143043550305,0.38852307420986487,1.6656624619872509,1993-10-01
1993.8333333333333,12.077613561446784,30.326050926074405,3.1409958913046734,4.702057625379746,697.5138262327473,8.324217197043277,10.032933090750316,0.3929554946127851,1.6958490500515864,1993-11-01
1993.9166666666667,12.24828748811786,30.45889046610687,3.4334943902924224,4.748457922036894,706.0584706123498,8.37758396931143,9.934742196897258,0.39692682865523726,1.7242381372101416,1993-12-01
1994.0,12.4,30.57,3.7,4.8,714.35,8.45,9.88,0.4,1.75,1994-01-01
1994.0833333333333,12.530084441072534,30.65910473506807,3.929774913942091,4.855798281973211,722.3617327843673,8.542683095438615,9.874878915708447,0.4018492022294589,1.772396234685172,1994-02-01
1994.1666666666667,12.637425777023115,30.73042152264234,4.123922790759883,4.914682106374219,730.1508780381404,8.653572129320724,9.916522470240604,0.4025937086042808,1.7910537164363887,1994-03-01
1994.25,12.721296878965694,30.78929012505781,4.286507655374732,4.975409540548593,737.7956175049497,8.779786242179744,9.999816967455974,0.40246406230470083,1.805690640150922,1994-04-01
1994.3333333333333,12.780970618015127,30.841050304650075,4.421593532709625,5.036738651842394,745.3741329284906,8.91844457454998,10.119648711214346,0.40169080651096156,1.816025200726203,1994-05-01
1994.4166666666667,12.81571986528601,30.89104182375465,4.533244447687249,5.09742750760168,752.9646060524562,9.066666266965875,10.270904005375911,0.4005044844032981,1.821775593059615,1994-06-01
1994.5,12.82481749189268,30.94460444470666,4.625524425229412,5.156234175172016,760.6452186204792,9.221570459960642,10.44846915379957,0.3991356391619564,1.8226600120485008,1994-07-01
1994.5833333333333,12.80753636894981,31.007077929841614,4.702497490258857,5.2119167218994695,768.4941523762528,9.3802762940687,10.647230460345439,0.39781481396717266,1.8183966525902575,1994-08-01
1994.6666666666667,12.763149367571767,31.08380204149513,4.768227667698162,5.263233215130068,776.589589063473,9.539902909824507,10.86207422887386,0.3967725519991834,1.8087037095822247,1994-09-01
1994.75,12.690929358873328,31.180116542002178,4.826778982469386,5.30894172220943,785.009710425769,9.697569447761218,11.087886763243382,0.3962393964382338,1.7932993779218294,1994-10-01
1994.8333333333333,12.590149213968946,31.301361193698327,4.88221545949513,5.3478003104836,793.8326982068353,9.850395048413295,11.319554367314321,0.39644589046455936,1.7719018525064276,1994-11-01
1994.9166666666667,12.460081803972756,31.45287575891941,4.938601123697965,5.378567047298548,803.1367341503715,9.995498852315146,11.551963344947039,0.3976225772584038,1.7442293282333097,1994-12-01
1995.0,12.3,31.64,5.0,5.4,813.0,10.13,11.78,0.4,1.71,1995-01-01
1995.0833333333333,12.110696800070096,31.86661145757438,5.068851621349761,5.411391323442355,823.484886250825,10.251498897198063,11.999277480486118,0.40374729897929307,1.6692762523479359,1995-02-01
1995.1666666666667,11.899045709822959,32.130738785471415,5.141097552799694,5.414169522513523,834.5906184035825,10.359521010422489,12.20831631102839,0.4087880029250585,1.6234972283950084,1995-03-01
1995.25,11.673440361805467,32.42894841581628,5.211054867427604,5.4102971896098095,846.3006307103227,10.45407307138133,12.406363860400663,0.4149842376757333,1.5744462609036218,1995-04-01
1995.3333333333333,11.442274388562781,32.75780678073627,5.273040638311901,5.4017369171275496,858.5983574231861,10.53516181178355,12.592667497378496,0.42219812906979376,1.5239066826358074,1995-05-01
1995.4166666666667,11.213941422640001,33.11388031235901,5.321371938530907,5.390451297463026,871.4672327943201,10.602793963337954,12.766474590737339,0.4302918029457278,1.4736618263535801,1995-06-01
1995.5,10.9968350965841,33.49373544280921,5.350365841162561,5.378402923012622,884.8906910757651,10.656976257752822,12.927032509251216,0.43912738514195554,1.4254950248193687,1995-07-01
1995.5833333333333,10.799349042940161,33.89393860421442,5.354339419285229,5.3675543861726265,898.8521665196664,10.697715426737004,13.073588621695608,0.4485670014969624,1.3811896107951858,1995-08-01
1995.6666666666667,10.629876894253469,34.31105622870241,5.327609745977005,5.359868279339339,913.3350933781759,10.725018201999198,13.205390296845838,0.4584727778492405,1.3425289170430847,1995-09-01
1995.75,10.496812283070687,34.74165474839755,5.264493894316237,5.357307194909125,928.322905903325,10.738891315247901,13.321684903476164,0.4687068400372001,1.3112962763254317,1995-10-01
1995.8333333333333,10.408548841937012,35.18230059542756,5.159308937381111,5.361833725278271,943.7990383472637,10.739341498191855,13.421719810361951,0.4791313138993321,1.289275021404262,1995-11-01
1995.9166666666667,10.373480203398145,35.62956020192031,5.006371948249353,5.375410462843148,959.7469249621474,10.726375482539646,13.504742386278387,0.48960832527412973,1.2782484850417135,1995-12-01
1996.0,10.4,36.08,4.8,5.4,976.15,10.7,13.57,0.5,1.28,1996-01-01
1996.0833333333333,10.492637617906855,36.53054897167005,4.537353322880894,5.436888739072068,992.9729120270855,10.660626871324215,13.61690005123514,0.5101291944459353,1.2955971355528328,1996-02-01
1996.1666666666667,10.640465457758573,36.97958629843646,4.226964775819243,5.484658322090309,1010.1051668661128,10.610288273434191,13.645490063424424,0.5196616871029217,1.3232444070204854,1996-03-01
1996.25,10.828691673812447,37.42585371167709,3.880210374914852,5.54121420101217,1027.4174846537596,10.551421472294933,13.655977590941378,0.5282239869923664,1.3604305662345906,1996-04-01
1996.3333333333333,11.042524420326941,37.86809294277354,3.5084661362650227,5.60446182779548,1044.7805855268443,10.486463733871043,13.648570188159788,0.5354426031357568,1.4046443650269989,1996-05-01
1996.4166666666667,11.267171851560805,38.305045723107355,3.123108075966782,5.672306654398142,1062.0651896221857,10.417852324127056,13.623475409453244,0.5409440445545654,1.453374555229637,1996-06-01
1996.5,11.487842121770914,38.73545378405648,2.7355122101203455,5.742654132777495,1079.1420170764607,10.348024509028074,13.580900809195562,0.5443548202702215,1.5041098886740234,1996-07-01
1996.5833333333333,11.68974338521601,39.158058857002494,2.3570545548227617,5.81340971489143,1095.8817880264883,10.279417554538641,13.521053941760378,0.5453014393042034,1.5543391171920762,1996-08-01
1996.6666666666667,11.85808379615462,39.571602673326844,1.9991111261711798,5.882478852697845,1112.1552226090844,10.214468726623313,13.444142361521147,0.5434104106779616,1.6015509926157074,1996-09-01
1996.75,11.978071508843929,39.97482696440764,1.6730579402656653,5.947766998154072,1127.8330409609312,10.155615291247177,13.350373622851961,0.538308243412966,1.6432342667764444,1996-10-01
1996.8333333333333,12.03491467754258,40.36647346162636,1.3902710132032965,6.007179603218015,1142.785963218846,10.105294514374767,13.239955280126324,0.5296214465306757,1.676877691506211,1996-11-01
1996.9166666666667,12.013821456508532,40.74528389636439,1.1621263610816217,6.058622119847516,1156.8847095196372,10.06594366197073,13.113094887717546,0.5169765290525109,1.6999700186368432,1996-12-01
1997.0,11.9,41.11,1.0,6.1,1170.0,10.04,12.97,0.5,1.71,1997-01-01
1997.0833333333333,11.683451802376533,41.46001210018765,0.9119434204610259,6.129711127676596,1182.0351843907506,10.029083895282913,12.811363055313887,0.4785368491628728,1.7051928443295912,1997-02-01
1997.1666666666667,11.37335171840211,41.797304909673834,0.8927100105888752,6.14812311505137,1193.0241307987158,10.031548118062863,12.639816027866605,0.4533059894040094,1.6867195879675483,1997-03-01
1997.25,10.983667942944754,42.12451173747536,0.9337286329129857,6.156096006341512,1203.0333369246384,10.044928539438933,12.458475775833827,0.4252448143548014,1.656487724158016,1997-04-01
1997.3333333333333,10.528368670870043,42.4442658926118,1.0264281499625671,6.154489845764381,1212.1293004693534,10.06676103051021,12.270459157389828,0.3952907176464363,1.6164047461450024,1997-05-01
1997.4166666666667,10.021422097042839,42.759200684102645,1.1622374242673938,6.144164677537227,1220.3785191336854,10.09458146237588,12.078883030708806,0.3643810929100811,1.5683781471724076,1997-06-01
1997.5,9.476796416332236,43.07194942096483,1.3325853183560576,6.1259805458773995,1227.8474906183924,10.125925706134883,11.886864253966543,0.3334533337771582,1.514315420484538,1997-07-01
1997.5833333333333,8.90845982360322,43.38514541221787,1.5289006947582264,6.100797495002174,1234.602712624301,10.158329632886392,11.697519685337246,0.303444833878836,1.4561240593253124,1997-08-01
1997.6666666666667,8.330380513720513,43.70142196688125,1.7426124160038516,6.069475569128748,1240.71068285223,10.189329113729588,11.51396618299515,0.27529298684629266,1.3957115569386054,1997-09-01
1997.75,7.756526681553602,44.023412393971896,1.9651493446211008,6.032874812474587,1246.23789900295,10.216460019763394,11.339320605115988,0.24993518631093586,1.334985406568791,1997-10-01
1997.8333333333333,7.2008665219672165,44.353750002509315,2.1879403431398883,5.991855269256902,1251.250858777281,10.237258222087,11.17669980987398,0.2283088259039374,1.2758531014597463,1997-11-01
1997.9166666666667,6.6773682298262855,44.69506810151309,2.4024142740901344,5.947276983692861,1255.8160598760383,10.249259591799527,11.029220655443472,0.21135129925651006,1.2202221348553666,1997-12-01
1998.0,6.2,45.05,2.6,5.9,1260.0,10.25,10.9,0.2,1.17,1998-01-01
1998.0833333333333,5.779805172588225,45.420120220169935,2.773958643423455,5.851153324295537,1263.878046011703,10.237701899396054,10.791444023806275,0.19493637186561466,1.1266963019436764,1998-02-01
1998.1666666666667,5.416127668631559,45.802768136944245,2.9248803670103136,5.802941810296855,1267.561041420563,10.213334069129118,10.703116195478835,0.1958180589846584,1.0902290929610838,1998-03-01
1998.25,5.10538655440854,46.19422433842147,3.055187593433205,5.757839273621778,1271.168698897686,10.178551869949334,10.633869305723316,0.2020467555884281,1.060118537133345,1998-04-01
1998.3333333333333,4.844000896194659,46.59076941270327,3.1673027453660203,5.718319529887732,1274.8207311142087,10.135010662606645,10.582556145244613,0.21302415590822132,1.0358847985412774,1998-05-01
1998.4166666666667,4.628389760265948,46.98868394789135,3.2636482454824507,5.686856394712197,1278.6368507412683,10.084365807850904,10.548029504747815,0.2281519541753875,1.0170480412657616,1998-06-01
1998.5,4.454972212900138,47.38424853208416,3.346646516455425,5.665923683712908,1282.73677044997,10.028272666432388,10.529142174938267,0.24683184462114577,1.0031284293878246,1998-07-01
1998.5833333333333,4.320167320373138,47.77374375338342,3.4187199809586715,5.657995212507322,1287.2402029114508,9.96838659910097,10.52474694652101,0.26846552147683495,0.9936461269883342,1998-08-01
1998.6666666666667,4.220394148961281,48.15345019989077,3.4822910616658054,5.66554479671304,1292.2668607968508,9.906362966606478,10.533696610201245,0.29245467897382627,0.9881212981482049,1998-09-01
1998.75,4.152071764941667,48.51964845970476,3.5397821812499317,5.691046251947582,1297.9364567772693,9.843857129699249,10.554843956684085,0.3182010113432905,0.9860741069483919,1998-10-01
1998.8333333333333,4.111619234590534,48.868619120927086,3.5936157623846827,5.736973393828504,1304.3687035238454,9.782524449129117,10.587041776674692,0.34510621281659315,0.9870247174698004,1998-11-01
1998.9166666666667,4.0954556241844315,49.19664277165922,3.6462142277436502,5.80580003797358,1311.683313707727,9.72402028564593,10.629142860878353,0.3725719776251123,0.9904932937933676,1998-12-01
1999.0,4.1,49.5,3.7,5.9,1320.0,9.67,10.68,0.4,0.996,1999-01-01
1999.0833333333333,4.121633062827763,49.77716326913069,3.7568053391778937,6.020826038104254,1329.4028630438856,9.621890914540392,10.738590016128137,0.42684497818948797,1.0030786608588138,1999-02-01
1999.1666666666667,4.156582051514591,50.03537254255111,3.8161018547037817,6.16464668079823,1339.833555370917,9.580208198013116,10.80438585688435,0.4527736265092208,1.0113177438916847,1999-03-01
1999.25,4.201035839421089,50.284059658838736,3.8767709933541954,6.326609399171373,1351.1981174846173,9.545238980763731,10.876984501272913,0.47750566329148625,1.0203193773086032,1999-04-01
1999.3333333333333,4.251183299908136,50.53265645657315,3.937694201906147,6.501861664314296,1363.4025898885932,9.517270393137458,10.955982928298639,0.5007608068687862,1.0296856893196273,1999-05-01
1999.4166666666667,4.303213306336674,50.79059477433392,3.997752927136655,6.6855509473177515,1376.3530130864601,9.496589565479585,11.040978116966407,0.5222587755736064,1.0390188081348188,1999-06-01
1999.5,4.353314732067212,51.06730645069852,4.055828615822246,6.872824719270972,1389.9554275817275,9.483483628135561,11.131567046280392,0.541719287738259,1.047920861964163,1999-07-01
1999.5833333333333,4.397676450460695,51.37222332424646,4.11080271473994,7.058830451264698,1404.1158738780084,9.478239711450659,11.227346695245458,0.5588620616952344,1.0559939790177213,1999-08-01
1999.6666666666667,4.432487334877999,51.71477723355764,4.161556670666722,7.238715614389651,1418.7403924789242,9.481144945770236,11.32791404286652,0.5734068157769989,1.062840287505548,1999-09-01
1999.75,4.453936258679731,52.10440001720903,4.206971930379173,7.407627679735087,1433.7350238879733,9.492486461439608,11.432866068147675,0.5850732683159021,1.068061915637641,1999-10-01
1999.8333333333333,4.4582120952267985,52.55052351378036,4.245929940654291,7.560714118391749,1449.0058086087759,9.512551388804118,11.541799750093826,0.593581137644417,1.0712609916240579,1999-11-01
1999.9166666666667,4.441503717879927,53.062579561852,4.277312148269006,7.693122401450216,1464.4587871449528,9.541626858209188,11.654312067709927,0.5986501420949825,1.0720396436748336,1999-12-01
2000.0,4.4,53.65,4.3,7.8,1480.0,9.58,11.77,0.6,1.07,2000-01-01
2000.0833333333333,4.331347761286235,54.31754036071278,4.312998240605346,7.877926782546204,1495.5648999608495,9.627639535035101,11.888067439458709,0.5975101042652319,1.0651950731395996,2000-02-01
2000.1666666666667,4.239025606791304,55.05125095211254,4.3158048067674954,7.929212207251521,1511.2065889476778,9.683240546225715,12.006145932539614,0.5916985460896584,1.0594814129536554,2000-03-01
2000.25,4.127970087907105,55.832505776223584,4.308040933150015,7.95759812969273,1527.0075811638446,9.745179706995739,12.121473939185034,0.5832430912456268,1.0551664536322416,2000-04-01
2000.3333333333333,4.003117756024796,56.64267883507619,4.2893278544165065,7.966826405447056,1543.0503908128367,9.811833690769518,12.231289919338248,0.5728215055054394,1.0545576293653813,2000-05-01
2000.4166666666667,3.869405162535391,57.46314413070099,4.2592868052304516,7.9606388900915155,1559.4175320981435,9.881579170971454,12.332832332942493,0.5611115546413769,1.0599623743431377,2000-06-01
2000.5,3.7317688588310105,58.27527566512179,4.217539020255593,7.942777439203203,1576.191519223121,9.952792821025367,12.423339639940163,0.5487910044258185,1.073688122755524,2000-07-01
2000.5833333333333,3.5951453963026845,59.06044744036921,4.163705734155446,7.916983908359172,1593.4548663912574,10.023851314355648,12.500050300274518,0.536537620631048,1.0980423087925841,2000-08-01
2000.6666666666667,3.4644713263414495,59.80003345847355,4.097408181593392,7.887000153136387,1611.290087806047,10.09313132438669,12.560202773888658,0.5250291690293494,1.135332366644478,2000-09-01
2000.75,3.3446832003394125,60.475407721459106,4.018267597233374,7.856568029112075,1629.7796976708366,10.159009524542313,12.601035520725212,0.514943415393101,1.1878657305010445,2000-10-01
2000.8333333333333,3.24071756968759,61.06794423135631,3.9259052157388057,7.829429391863206,1649.0062101891194,10.219862588246917,12.619787000727333,0.5069581254945839,1.2579498345524054,2000-11-01
2000.9166666666667,3.15751098577717,61.559016990194735,3.8199422717729625,7.809326096966791,1669.0521395643957,10.274067188924844,12.613695673837933,0.5017510651061023,1.3478921129888728,2000-12-01
2001.0,3.1,61.93,3.7,7.8,1690.0,10.32,12.58,0.5,1.46,2001-01-01
2001.0833333333333,3.0714365401757293,62.16775630653373,3.566606790993361,7.804272387266117,1711.9023519274456,10.356844926800502,12.51744462418476,0.5021539566014239,1.5955253058419276,2001-02-01
2001.1666666666667,3.0683340398383834,62.28110513048326,3.4239196589668883,7.821282267973765,1734.6919406903114,10.387014802269414,12.430798931476112,0.507747003946963,1.7514973450345732,2001-03-01
2001.25,3.0855213089504954,62.284354736266934,3.277002774045743,7.849248082057707,1758.2715578600046,10.413729691253314,12.326338491986956,0.516084471726006,1.92388980816243,2001-04-01
2001.3333333333333,3.117827157474552,62.191813388304176,3.130920306353918,7.886388269452832,1782.5439950081159,10.440209658599027,12.21033887582949,0.5264716896279847,2.1086763858112514,2001-05-01
2001.4166666666667,3.1600803953732064,62.017789351013334,2.9907364260154155,7.930921270094131,1807.4120437062459,10.469674769153386,12.089075653115797,0.5382139873423533,2.3018307685669246,2001-06-01
2001.5,3.2071098326087437,61.77659088881433,2.861515303155384,7.9810655239162145,1832.778495525789,10.50534508776297,11.96882439395895,0.5506166945584667,2.499326647013741,2001-07-01
2001.5833333333333,3.253744279143796,61.482526266125745,2.748321107897802,8.03503947085406,1858.5461420383429,10.550440679274592,11.855860668471042,0.5629851409657766,2.6971377117375717,2001-08-01
2001.6666666666667,3.2948125449409904,61.149903747365556,2.6562180103668225,8.091061550842676,1884.61777481551,10.608181608535174,11.756460046764227,0.5746246562537337,2.8912376533242896,2001-09-01
2001.75,3.3251434399626203,60.793031596954556,2.5902701806873334,8.147350203816615,1910.896185428679,10.681787940391139,11.676898098951472,0.584840570111694,3.0776001623581815,2001-10-01
2001.8333333333333,3.3395657741713345,60.426218079310814,2.5555417889834215,8.20212386971089,1937.2841654494512,10.77447973968937,11.623450395144893,0.5929382122291115,3.2521989294251363,2001-11-01
2001.9166666666667,3.33290835752961,60.06377145885232,2.557097005379519,8.253600988460493,1963.6845064494294,10.889477071276952,11.602392505456889,0.5982229122954166,3.4110076451109173,2001-12-01
2002.0,3.3,59.72,2.6,8.3,1990.0,11.03,11.62,0.6,3.55,2002-01-01
2002.0833333333333,3.237940800233266,59.40660223722534,2.687704225051238,8.339821631352157,2016.1775441811017,11.197990017021809,11.680753600839388,0.5978092545142506,3.666164351640215,2002-02-01
2002.1666666666667,3.1529160116327906,59.12483778521431,2.8172202610682584,8.3726957578906,2042.3404631060139,11.390274318771038,11.781954637852097,0.5921282529373169,3.7605477254272413,2002-03-01
2002.25,3.053382176290914,58.87335652870865,2.983947970667013,8.398534542076444,2068.656187396138,11.602401527991006,11.919109592867143,0.5836690218503489,3.8352118137180375,2002-04-01
2002.3333333333333,2.9477958362992918,58.65080835244778,3.183287216464469,8.417250146371083,2095.2921476730894,11.829920267426584,12.087724947714324,0.5731435878344532,3.8922183088703592,2002-05-01
2002.4166666666667,2.8446135337495115,58.45584314117143,3.4106378610779498,8.42875473323584,2122.4157745584857,12.06837915982281,12.283307184223785,0.5612639774707137,3.9336289032417673,2002-06-01
2002.5,2.7522918107340146,58.28711077962089,3.661399767122873,8.432960465131938,2150.1944986737235,12.313326827922754,12.501362784224026,0.5487422173403144,3.9615052891895113,2002-07-01
2002.5833333333333,2.6792872093443703,58.1432611525358,3.9309727972164907,8.429779504520726,2178.79575064042,12.56031189447143,12.737398229545121,0.536290334024342,3.977909159071191,2002-08-01
2002.6666666666667,2.6340562716723595,58.0229441446561,4.214756813976261,8.419124013863449,2208.3869610802003,12.804882982213876,12.986920002017342,0.5246203541038839,3.984902205244285,2002-09-01
2002.75,2.6250555398101074,57.92480964072267,4.508151680017296,8.400906155621467,2239.135560614447,13.042588713893126,13.245434583468894,0.5144443041601228,3.9845461200662284,2002-10-01
2002.8333333333333,2.660741555849307,57.847507525475386,4.806557257957018,8.375038092256053,2271.208979864784,13.26897771225423,13.508448455730022,0.5064742107741431,3.9789025958945206,2002-11-01
2002.9166666666667,2.74957086188214,57.78968768365431,5.105373410412911,8.341431986228407,2304.774649452848,13.479598600042115,13.771468100631012,0.5014221005270533,3.9700333250866033,2002-12-01
2003.0,2.9,57.75,5.4,8.3,2340.0,13.67,14.03,0.5,3.96,2003-01-01
2003.0833333333333,3.117483129261635,57.727131040862105,5.686337882875234,8.250966550288124,2376.952286162813,13.837086208815132,14.281028240975752,0.5027317105267657,3.9505406672263352,2003-02-01
2003.1666666666667,3.3954648765933615,57.71991409902895,5.962291889353326,8.195805070834284,2415.298058737636,13.983184218943615,14.52744733193088,0.5093881324519057,3.9420987902939464,2003-03-01
2003.25,3.7243874858858472,57.72721914889845,6.226267843286205,8.13630124963652,2454.603692555443,14.11197669678266,14.773629386544464,0.5195519408725984,3.9347941869654184,2003-04-01
2003.3333333333333,4.09469320103198,57.74791616486852,6.4766715685280785,8.074240774692427,2494.4355624475184,14.227146308730697,15.0239465184976,0.5328058108860719,3.928746675003264,2003-05-01
2003.4166666666667,4.4968242659251,57.78087512133717,6.711908888933001,8.01140933399957,2534.3600432451553,14.332375721186004,15.282770841471422,0.5487324175895885,3.924076072170008,2003-06-01
2003.5,4.921222924455198,57.824965992702126,6.930385628353127,7.949592615556028,2573.9435097793166,14.43134760054601,15.554474469144939,0.5669144360802754,3.9209021962282153,2003-07-01
2003.5833333333333,5.35833142051554,57.879058753361406,7.130507610642558,7.890576307359369,2612.7523368812954,14.527744613209023,15.843429515199261,0.5869345414553881,3.9193448649404075,2003-08-01
2003.6666666666667,5.79859199799953,57.942023377713085,7.310680659655194,7.836146097407188,2650.3528993823747,14.62524942557331,16.154008093315685,0.6083754088122022,3.919523896069125,2003-09-01
2003.75,6.232446900796949,58.01272984015474,7.469310599243487,7.788087673697522,2686.311572113532,14.727544704036356,16.49058231717294,0.6308197132478147,3.921559107376904,2003-10-01
2003.8333333333333,6.65033837280121,58.090048115084464,7.604803253261393,7.748186724227948,2720.1947299060544,14.838313114996417,16.85752430045226,0.6538501298594979,3.9255703166262808,2003-11-01
2003.9166666666667,7.042708657905547,58.172848176900395,7.715564445562621,7.71822893699614,2751.568747591207,14.96123732485185,17.2592061568352,0.6770493337445305,3.931677341579811,2003-12-01
2004.0,7.4,58.26,7.8,7.7,2780.0,15.1,17.7,0.7,3.94,2004-01-01
2004.0833333333333,7.714753997533902,58.350533321548674,7.8571641508540715,7.694506611939947,2805.3478019082036,15.257386212531593,18.18310218525617,0.722340292267542,3.9506718220469637,2004-02-01
2004.1666666666667,7.987909667180205,58.44411692978086,7.888704774112168,7.699639514327643,2828.6432278695524,15.432590657307202,18.70700603442588,0.7439303283662149,3.963881187471107,2004-03-01
2004.25,8.222505380165696,58.540579375697526,7.896918156188168,7.712510459377471,2851.21029238209,15.623910434878349,19.26902911095499,0.7646857146592574,3.9798301884202867,2004-04-01
2004.3333333333333,8.421579507719454,58.63974921030036,7.884100583496237,7.730231199303845,2874.3730099440527,15.829642645797968,19.866488978293624,0.7845220575100872,3.9987209170424682,2004-05-01
2004.4166666666667,8.588170421070162,58.74145498459107,7.852548342450312,7.749913486321237,2899.45539505368,16.04808439061916,20.496703199892266,0.8033549632821112,4.020755465485645,2004-06-01
2004.5,8.725316491445193,58.84552524957059,7.804557719464618,7.768669072643947,2927.7814622090095,16.2775327698932,21.15698933919622,0.8211000383385837,4.046135925897628,2004-07-01
2004.5833333333333,8.836056090073315,58.95178855624062,7.742425000953135,7.783609710486447,2960.6752259082746,16.516284884173157,21.84466495965588,0.8376728890429149,4.075064390426403,2004-08-01
2004.6666666666667,8.923427588183014,59.060073455602925,7.668446473329697,7.79184715206316,2999.460700649759,16.762637834012196,22.557047624721978,0.852989121758502,4.107742951219995,2004-09-01
2004.75,8.990469357002093,59.170208498658354,7.584918423008758,7.790493149588452,3045.461900931424,17.014888719961448,23.291454897839333,0.8669643428486182,4.144373700426155,2004-10-01
2004.8333333333333,9.04021976775909,59.28202223640866,7.494137136404176,7.776659455276771,3100.002841251536,17.271334642574065,24.04520434245861,0.8795141586766646,4.1851587301928985,2004-11-01
2004.9166666666667,9.075717191682363,59.39534321985559,7.398398899929732,7.74745782134243,3164.407536108454,17.530272702403224,24.815613522030656,0.8905541756060262,4.230300132668286,2004-12-01
2005.0,9.1,59.51,7.3,7.7,3240.0,17.79,25.6,0.9,4.28,2005-01-01
2005.0833333333333,9.115109676897752,59.62544053405388,7.200861995189635,7.6322917241744275,3327.599793241201,18.048791394761214,26.394554916144934,0.9077913796622348,4.334353063104243,2005-02-01
2005.1666666666667,9.119100158390726,59.73959040407024,7.101407532716748,7.545914649632815,3426.0086594139952,18.304832781458227,27.19096371555372,0.9139646281573988,4.393024607969877,2005-03-01
2005.25,9.109028493451367,59.84999459831142,7.001684531961125,7.443344412853597,3533.523887916196,18.556287813703943,27.979785419635572,0.9185802004903718,4.455572559353433,2005-04-01
2005.3333333333333,9.081951731052186,59.95419810504069,6.901740912301742,7.327056650314512,3648.4427681464117,18.801320145113365,28.75157904980624,0.9216985516660859,4.521554842011918,2005-05-01
2005.4166666666667,9.034926920165498,60.04974591252123,6.80162459311757,7.199526998493156,3769.0625895033304,19.038093429301448,29.496903627481288,0.9233801366894572,4.590529380702374,2005-06-01
2005.5,8.965011109764033,60.1341830090155,6.701383493788404,7.063231093868181,3893.680641384645,19.264771319881184,30.206318174070198,0.9236854105653896,4.662054100181274,2005-07-01
2005.5833333333333,8.869261348820169,60.2050543827867,6.601065533693215,6.920644572917207,4020.59421318903,19.479517470467545,30.870381710988628,0.9226748282988027,4.735686925205655,2005-08-01
2005.6666666666667,8.744734686306002,60.259905022097925,6.500718632210976,6.774243072117786,4148.100594315189,19.68049553467536,31.479653259651727,0.9204088448946017,4.810985780532576,2005-09-01
2005.75,8.588488171194683,60.29627991521182,6.400390708721481,6.6265022279486745,4274.49707416077,19.865869166117836,32.024691841469725,0.9169479153577125,4.887508590918477,2005-10-01
2005.8333333333333,8.397578852458388,60.31172405039152,6.300129682603702,6.479897676887431,4398.080942124482,20.033802018409844,32.49605647785794,0.9123524946930437,4.964813281120411,2005-11-01
2005.9166666666667,8.169063779068923,60.30378241589991,6.1999834732366095,6.336905055411627,4517.149487604992,20.18245774516607,32.88430619023089,0.9066830379054914,5.042457775895444,2005-12-01
2006.0,7.9,60.27,6.1,6.2,4630.0,20.31,33.18,0.9,5.12,2006-01-01
2006.0833333333333,7.591589702282488,60.21011194964278,5.999920275795205,6.071233898770149,4735.254182533946,20.415683162126076,33.37903115941986,0.8924432631575552,5.197066388498743,2006-02-01
2006.1666666666667,7.261615625182741,60.132614046531174,5.898257687612994,5.950961146399912,4832.831393734206,20.503124513157353,33.49862984410344,0.8844704182634812,5.273557417686726,2006-03-01
2006.25,6.932005646028835,60.048192231056774,5.793218715967332,5.839111889208143,4922.975405953125,20.57703206030588,33.56136046050272,0.8766184833792554,5.349442074165981,2006-04-01
2006.3333333333333,6.62468764214611,59.96753244361059,5.683009841371359,5.735616273512696,5005.929991543852,20.642113810784455,33.589787415070674,0.8694244765662893,5.424689344539159,2006-05-01
2006.4166666666667,6.361589490860154,59.901320624583626,5.565837544338153,5.640404445631519,5081.938922859461,20.703077771805777,33.606475114259915,0.8634254158860013,5.499268215408912,2006-06-01
2006.5,6.164639069498676,59.86024271436742,5.439908305381767,5.553406551883329,5151.245972252412,20.764631950582054,33.63398796452299,0.8591583193998582,5.573147673377278,2006-07-01
2006.5833333333333,6.055764255387112,59.854984653352986,5.303428605015301,5.474552738586051,5214.094912075795,20.831484354325987,33.6948903723125,0.8571602051692743,5.646296705046908,2006-08-01
2006.6666666666667,6.056892925851857,59.89623238193163,5.154604923751744,5.403773152057698,5270.729514682634,20.908342990250325,33.81174674408143,0.857968091255689,5.718684297020444,2006-09-01
2006.75,6.18995295821918,59.99467184049436,4.9916437421053175,5.3409979386168525,5321.393552425492,20.999915865567203,34.00712148628176,0.8621189957205317,5.790279435899937,2006-10-01
2006.8333333333333,6.476872229815147,60.160988969432374,4.812751540589046,5.286157244581506,5366.330797657408,21.110910987489337,34.3035790053663,0.8701499366252338,5.8610511082880326,2006-11-01
2006.9166666666667,6.939578617967504,60.40586970913764,4.61613479971578,5.2391812162697375,5405.785022731358,21.246036363229667,34.723683707788936,0.8825979320312676,5.930968300787366,2006-12-01
2007.0,7.6,60.74,4.4,5.2,5440.0,21.41,35.29,0.9,6.0,2007-01-01
2007.0833333333333,8.469283828787399,61.171061898856195,4.163982364593188,5.168478699264046,5469.369587733649,21.605582438215176,36.01568039987731,0.9225513084482853,6.0682841606781714,2007-02-01
2007.1666666666667,9.515455859396633,61.69472192832392,3.913432087200948,5.144222246248491,5494.887987871857,21.82785435109829,36.87622987099733,0.9490796247146042,6.136634610172502,2007-03-01
2007.25,10.695761422433296,62.30364272746148,3.655128104169544,5.126770530313835,5517.699488271304,22.069958945072536,37.837741488353544,0.9780708659926067,6.206034143982647,2007-04-01
2007.3333333333333,11.967445848511423,62.990486935331326,3.395849351843191,5.115663440820372,5538.948376788876,22.325039426562935,38.86630832694639,1.0080109494761593,6.277465557608824,2007-05-01
2007.4166666666667,13.287754468246046,63.74791719099676,3.142374766566093,5.110440867128462,5559.7789412814445,22.586239001994617,39.92802346177703,1.037385792359138,6.35191164655127,2007-06-01
2007.5,14.613932612241264,64.5685961335148,2.9014832846845295,5.110642698598503,5581.335469605711,22.846700877790592,40.98897996783784,1.0646813118351781,6.4303552063096125,2007-07-01
2007.5833333333333,15.903225611112033,65.4451864019486,2.679953842542679,5.1158088245908395,5604.762249618546,23.099568260375985,42.01527092012994,1.088383425098159,6.513779032384079,2007-08-01
2007.6666666666667,17.112878795472913,66.37035063536189,2.484565376484931,5.125479134465873,5631.203569176839,23.33798435617587,42.97298939365409,1.1069780493419221,6.603165920274951,2007-09-01
2007.75,18.200137495928598,67.33675147281075,2.32209682285725,5.1391935175839185,5661.803716137263,23.55509237161335,43.828228463403214,1.1189511017601603,6.699498665481773,2007-10-01
2007.8333333333333,19.122247043093925,68.33705155335878,2.1993271180039438,5.156491863305366,5697.706978356697,23.74403551311353,44.5470812043783,1.122788499546731,6.80376006350481,2007-11-01
2007.9166666666667,19.836452767581925,69.36391351607004,2.1230351982697564,5.17691406099064,5740.057643692082,23.897956987101225,45.095640691578836,1.116976159895402,6.916932909844415,2007-12-01
2008.0,20.3,70.41,2.1,5.2,5790.0,24.01,45.44,1.1,7.04,2008-01-01
2008.0833333333333,20.483358315897984,71.46792633455942,2.1341386917588974,5.225279544914601,5848.338068383066,24.075401436864176,45.55662108366045,1.0709394660122156,7.173408079899238,2008-02-01
2008.1666666666667,20.40989427056766,72.53011861054645,2.217921370989696,5.252242461198562,5914.514802926748,24.097772897265234,45.463441412651214,1.0312481199151942,7.315459697179276,2008-03-01
2008.25,20.116198664237977,73.58895560909731,2.340956367354493,5.280368489536517,5987.632890961658,24.082819659403974,45.188767336083096,0.982973052650318,7.463921349903433,2008-04-01
2008.3333333333333,19.638862297137557,74.63681611135692,2.492852010516029,5.30913737061332,6066.795019818938,24.036247001481396,44.760905203066294,0.9281613551586532,7.616559536136184,2008-05-01
2008.4166666666667,19.014475969493002,75.66607889847012,2.6632166301373625,5.3380288451138265,6151.103876829797,23.963760201698165,44.20816136270938,0.8688601183811941,7.7711407539420465,2008-06-01
2008.5,18.279630481536273,76.66912275157331,2.8416585558801177,5.366522653722662,6239.662149324744,23.87106453825559,43.55884216412565,0.8071164332594303,7.925431501384271,2008-07-01
2008.5833333333333,17.470916633494333,77.6383264518114,3.017786117407314,5.394098537124682,6331.572524634978,23.7638652893544,42.84125395642395,0.7449773907343654,8.077198276527373,2008-08-01
2008.6666666666667,16.624925225593323,78.56606878032885,3.1812076443819497,5.420236236004742,6425.937690091731,23.64786773319516,42.08370308871239,0.6844900817469993,8.224207577435841,2008-09-01
2008.75,15.77824705806643,79.44472851826268,3.3215314664656836,5.444415491047474,6521.860333025458,23.52877714797941,41.31449591010538,0.6277015972388276,8.364225902172972,2008-10-01
2008.8333333333333,14.96747293113985,80.26668444675748,3.428365913321562,5.466116042937735,6618.443140767387,23.41229881190775,40.561938769711105,0.5766590281508426,8.495019748803266,2008-11-01
2008.9166666666667,14.229193645040178,81.0243153469573,3.491319314612265,5.484817632360351,6714.788800648752,23.30413800318078,39.85433801663793,0.5334094654240995,8.614355615391126,2008-12-01
2009.0,13.6,81.71,3.5,5.5,6810.0,23.21,39.22,0.5,8.72,2009-01-01
2009.0833333333333,13.107815315027402,82.31822234623459,3.447437405408336,5.511363769225622,6903.337166511531,23.135363897661176,38.681701006221324,0.4779500867622314,8.810635603057573,2009-02-01
2009.1666666666667,12.745892984258719,82.8518869628284,3.340345391803262,5.519493094142533,6994.691689310395,23.084804059840963,38.24009707099017,0.46666863636521927,8.888609934444387,2009-03-01
2009.25,12.498818920614788,83.31600358614926,3.188858926412486,5.525193011540094,7084.112697882062,23.06266866731158,37.890314167314074,0.46503692340612174,8.957186706403622,2009-04-01
2009.3333333333333,12.351179037013354,83.71558195256954,3.0031129764628868,5.529268558207732,7171.649321712754,23.073305900844794,37.62747826819687,0.47193622248199285,9.019629631179095,2009-05-01
2009.4166666666667,12.287559246373235,84.05563179846075,2.7932425091809687,5.532524770934855,7257.35069028867,23.121063941212725,37.446715346643316,0.48624780818997987,9.079202421014566,2009-06-01
2009.5,12.292545461613647,84.34116286019189,2.5693824917950012,5.535766686510853,7341.265933095311,23.210290969187056,37.34315137565956,0.506852955127101,9.13916878815331,2009-07-01
2009.5833333333333,12.350723595653204,84.57718487413467,2.3416678915315408,5.539799341725134,7423.444179618883,23.3453351655398,37.31191232825012,0.532632937890485,9.202792444839083,2009-08-01
2009.6666666666667,12.446679561411102,84.76870757666032,2.1202336756171016,5.545427773367122,7503.93455934557,23.530544711043472,37.34812417742038,0.5624690310773167,9.27333710331569,2009-09-01
2009.75,12.56499927180568,84.92074070413855,1.915214811280016,5.553457018226185,7582.786201760903,23.770267786469006,37.446912896175256,0.5952425092845299,9.354066475826341,2009-10-01
2009.8333333333333,12.69026863975606,85.03829399294074,1.7367462657467678,5.564692113091741,7660.048236351075,24.068852572588767,37.60340445751993,0.6298346471092997,9.448244274614817,2009-11-01
2009.9166666666667,12.807073578181422,85.12637717943777,1.59496300624413,5.57993809475324,7735.769792602255,24.430647250175774,37.81272483446017,0.6651267191488218,9.559134211925038,2009-12-01
2010.0,12.9,85.19,1.5,5.6,7810.0,24.86,38.07,0.7,9.69,2010-01-01
2010.0833333333333,12.956734590660542,85.23444469716577,1.4590977977191246,5.625388063368012,7882.896598903685,25.357917278046397,38.37059109515944,0.7335217610129948,9.843094646758782,2010-02-01
2010.1666666666667,12.977367125729536,85.26608353814271,1.4679192840191262,5.655433310379531,7955.051773165463,25.912038641149095,38.710799933016474,0.76550326054982,10.016628342821516,2010-03-01
2010.25,12.965088153302865,85.29156129630555,1.5192329269955631,5.689171964303106,8027.166317510092,26.506661921349718,39.08716349466062,0.795941753725195,10.207800574482084,2010-04-01
2010.3333333333333,12.923088221476627,85.31752274502927,1.6058071947440198,5.725640248407535,8099.941026662923,27.12608495069437,39.49621876118414,0.8248344956541036,10.413810828035773,2010-05-01
2010.4166666666667,12.854557878346595,85.35061265768887,1.7204105553604636,5.763874385961639,8174.076695349313,27.754605561229457,39.93450271367965,0.8521787414515118,10.631858589778028,2010-06-01
2010.5,12.762687672009141,85.39747580765908,1.8558114769398768,5.802910600233928,8250.274118294012,28.37652158499619,40.398552333236125,0.8779717462321653,10.859143346002496,2010-07-01
2010.5833333333333,12.650668150560103,85.46475696831484,2.0047784275781613,5.84178511449322,8329.23409022237,28.976130854040953,40.884904600946115,0.9022107651110348,11.09286458300459,2010-08-01
2010.6666666666667,12.521689862095105,85.55910091303137,2.160079875371366,5.879534152008335,8411.657405859774,29.537731200409887,41.390096497902384,0.9248930532030739,11.330221787079799,2010-09-01
2010.75,12.378943354710847,85.68715241518306,2.3144842884142522,5.9151939360477845,8498.244859930926,30.045620456144576,41.91066500519357,0.9460158656230531,11.56841444452166,2010-10-01
2010.8333333333333,12.22561917650299,85.85555624814499,2.4607601348028605,5.947800689880389,8589.697247161195,30.484096453291283,42.443147103912395,0.9655764574859306,11.804642041625655,2010-11-01
2010.9166666666667,12.064907875567082,86.07095718529273,2.5916758826331456,5.9763906367749415,8686.715362276012,30.83745702389552,42.98407977515173,0.9835720839066476,12.036104064687246,2010-12-01
2011.0,11.9,86.34,2.7,6.0,8790.0,31.09,43.53,1.0,12.26,2011-01-01
2011.0833333333333,11.733475488997495,86.66772571695319,2.780465385196714,6.01792888470961,8899.989632317722,31.231323471632773,44.07710938165823,1.0148725914078942,12.473918680276805,2011-02-01
2011.1666666666667,11.565471846156061,87.05276036608315,2.8356626573054537,6.030532923598733,9016.073440250428,31.272226560749903,44.62026801176021,1.0282627658800643,12.677006323900091,2011-03-01
2011.25,11.395515966173752,87.49212622862854,2.8701468656052613,6.0384316312474775,9137.37828207757,31.228808647289565,45.154000604043446,1.0402585616930977,12.868798495668042,2011-04-01
2011.3333333333333,11.22313474374726,87.982845585831,2.88847305937565,6.042244522236061,9263.031016079536,31.117169111190353,45.67283187224995,1.050948017123694,13.048830760380527,2011-05-01
2011.4166666666667,11.04785507357324,88.52194071893285,2.8951962878959585,6.042591111144656,9392.158500536769,30.953407332390128,46.17128653012152,1.0604191704485373,13.216638682837292,2011-06-01
2011.5,10.869203850349791,89.10643390917183,2.8948716004454917,6.0400909125534366,9523.887593728643,30.753622690828173,46.643889291395936,1.0687600599442373,13.371757827836708,2011-07-01
2011.5833333333333,10.686707968773584,89.73334743779006,2.892054046303613,6.035363441042588,9657.345153935588,30.533914566442476,47.08516486981507,1.0760587238874812,13.513723760178552,2011-08-01
2011.6666666666667,10.499894323541243,90.39970358603016,2.891298674749659,6.029028211192264,9791.658039438056,30.310382339170776,47.48963797912049,1.0824032005549462,13.642072044662457,2011-09-01
2011.75,10.308289809350933,91.10252463512921,2.8971605350629765,6.021704737582678,9925.953108515394,30.099125388952697,47.85183333305045,1.087881528223258,13.75633824608702,2011-10-01
2011.8333333333333,10.11142132089929,91.83883286632968,2.914194676522888,6.014012534793991,10059.357219448051,29.916243095725996,48.16627564534661,1.0925817451690958,13.856057929251904,2011-11-01
2011.9166666666667,9.908815752882894,92.60565056087444,2.946956148408842,6.006571117406359,10190.997230516465,29.777834839428706,48.42748962975011,1.09659188966913,13.940766658956619,2011-12-01
2012.0,9.7,93.4,3.0,6.0,10320.0,29.7,48.63,1.1,14.01,2012-01-01
2012.0833333333333,9.485173638535429,94.21753437946388,3.0764480689011178,5.994794545941618,10445.692325528544,29.694294622458717,48.77059522079786,1.1028790770590484,14.063967900651564,2012-02-01
2012.1666666666667,9.267226971126894,95.04843055308254,3.173689346018603,5.990953513744117,10568.200762129727,29.754101412148174,48.85511876068579,1.1052419722262954,14.105577843060527,2012-03-01
2012.25,9.049722982002125,95.88149628918036,3.2876796105833925,5.988351510706983,10687.851804179629,29.868259739492025,48.89167783916558,1.1070864995024132,14.138411692845748,2012-04-01
2012.3333333333333,8.836224655387063,96.70553935608852,3.4143746418272003,5.9868631441296625,10804.97194605533,30.02560897491436,48.88837967573979,1.1084104728880944,14.166051315626447,2012-05-01
2012.4166666666667,8.630294975507697,97.50936752213813,3.549730218981879,5.986363021311622,10919.887682133887,30.214988488839737,48.853331489910495,1.109211706384025,14.192078577021773,2012-06-01
2012.5,8.435496926591696,98.28178855565368,3.689702121278158,5.986725749552323,11032.92550679142,30.4252376516911,48.79464050118016,1.1094880139908858,14.220075342650674,2012-07-01
2012.5833333333333,8.255393492865016,99.0116102249663,3.8302461279478717,5.9878259361512285,11144.411914404986,30.64519583389294,48.72041392905094,1.1092372097093652,14.253623478132308,2012-08-01
2012.6666666666667,8.093547658553781,99.68764029840672,3.967318018222861,5.9895381884078045,11254.67339935163,30.86370240586985,48.63875899302488,1.1084571075401455,14.296304849085884,2012-09-01
2012.75,7.953522407885418,100.29868654430015,4.096873571333845,5.991737113621504,11364.0364560075,31.06959673804462,48.55778291260465,1.1071455214839154,14.351701321130264,2012-10-01
2012.8333333333333,7.838880725085994,100.8335567309774,4.2148685665126795,5.9942973190917925,11472.827578749639,31.251718200841864,48.48559290729228,1.1053002655413595,14.42339475988463,2012-11-01
2012.9166666666667,7.7531855943818515,101.28105862676856,4.317258782991095,5.997093412118143,11581.373261955086,31.398906164685926,48.430296196589865,1.102919153713155,14.514967030968345,2012-12-01
2013.0,7.7,101.63,4.4,6.0,11690.0,31.5,48.4,1.1,14.63,2013-01-01
2013.0833333333333,7.6807489383432115,101.87326523741007,4.460038635494688,6.00289293152392,11798.988750752636,31.54692049223585,48.40088010551979,1.0964698966521897,14.770973606005331,2013-02-01
2013.1666666666667,7.688305454520618,102.020045199368,4.4982836623242894,6.0056530214247985,11908.438326046122,31.543914086953986,48.43138657512701,1.0919730489184725,14.935960081636063,2013-03-01
2013.25,7.713404605817752,102.08360736465004,4.516634692061169,6.008162325924594,12018.402001203913,31.498308644742327,48.4880380392942,1.0860829402972492,15.121929732948963,2013-04-01
2013.3333333333333,7.746781449520196,102.0772192120337,4.516991336278029,6.0103029012452875,12128.933051550355,31.417432026188816,48.56735312849414,1.0783730542868872,15.325852866002128,2013-05-01
2013.4166666666667,7.779171042913622,102.01414822029572,4.501253206547379,6.011956803608857,12240.084752409795,31.30861209188102,48.665850473199825,1.0684168743857336,15.544699786853847,2013-06-01
2013.5,7.801308443283427,101.9076618682135,4.471319914441877,6.013006089237269,12351.910379105682,31.179176702407428,48.78004870388345,1.0557878840922197,15.775440801560595,2013-07-01
2013.5833333333333,7.803928707915301,101.77102763456392,4.42909107153407,6.013332814352499,12464.463206962362,31.036453718355673,48.90646645101797,1.040059566904699,16.01504621618063,2013-08-01
2013.6666666666667,7.777766894094715,101.61751299812353,4.376466289396372,6.012819035176521,12577.796511304194,30.88777100031323,49.041622345076476,1.020805406321492,16.260486336772292,2013-09-01
2013.75,7.71355805910739,101.4603854376702,4.315345179601646,6.011346807931309,12691.96356745461,30.74045640886881,49.182035016530975,0.9975988858410803,16.50873146939193,2013-10-01
2013.8333333333333,7.602037260238889,101.31291243198056,4.24762735372233,6.008798188838838,12807.017650737962,30.601837804609918,49.324223095854514,0.9700134889617944,16.756751920097866,2013-11-01
2013.9166666666667,7.433939554774261,101.18836145983124,4.175212423330792,6.0050552341210715,12923.01203647862,30.47924304812412,49.464705213520205,0.9376226991819163,17.001517994948443,2013-12-01
2014.0,7.2,101.1,4.1,6.0,13040.0,30.38,49.6,0.9,17.24,2014-01-01
2014.0833333333333,6.894781996981135,101.058247263487,4.024196000231053,5.993575857592333,13158.086467756593,30.309261834523756,49.72696074601159,0.8569589289248388,17.469631888289264,2014-02-01
2014.1666666666667,6.528162321901255,101.06212939018734,3.951231560239931,5.985971437593726,13277.582970723439,30.26348298077658,49.843779383250926,0.8092732395071609,17.68970220076646,2014-03-01
2014.25,6.11384609472687,101.10782425221946,3.8848441211719327,5.9774366855946415,13398.852691004717,30.236943181538667,49.94898250365758,0.7579567393085904,17.899963125358397,2014-04-01
2014.3333333333333,5.66553843542153,101.19150972170189,3.828771124171746,5.968221547185484,13522.258810705596,30.223922179589827,50.04109669917215,0.7040232358903642,18.1001668499937,2014-05-01
2014.4166666666667,5.196944463948417,101.30936367075354,3.7867500103841696,5.958575967956646,13648.164511931258,30.21869971771001,50.118648561735036,0.6484865368136904,18.29006556260089,2014-06-01
2014.5,4.7217693002745955,101.45756397149229,3.7625182209543353,5.948749893498602,13776.932976785854,30.215555538679194,50.180164683286044,0.5923604496402359,18.469411451106943,2014-07-01
2014.5833333333333,4.253718064363285,101.63228849603698,3.7598131970269977,5.938993269401745,13908.927387374566,30.20876938527732,50.22417165576564,0.5366587819312117,18.637956703440413,2014-08-01
2014.6666666666667,3.8064958761777774,101.82971511650673,3.7823723797471507,5.929556041256474,14044.510925802602,30.19262100028428,50.24919607111408,0.48239534124783445,18.795453507529718,2014-09-01
2014.75,3.393807855685024,102.04602170501899,3.8339332102595702,5.92068815465326,14184.046774174063,30.16139012648012,50.25376452127147,0.4305839351517633,18.941654051302017,2014-10-01
2014.8333333333333,3.0293591228482435,102.2773861336928,3.918233129709174,5.912639555182499,14327.898114594154,30.109356506644772,50.236403598178136,0.382238371204209,19.076310522685777,2014-11-01
2014.9166666666667,2.7268547976311828,102.51998627464741,4.039009579241236,5.9056601884345925,14476.428129168125,30.03079988355794,50.195639893774164,0.33837245696642027,19.19917510960932,2014-12-01
2015.0,2.5,102.77,4.2,5.9,14630.0,29.92,50.13,0.3,19.31,2015-01-01
2015.0833333333333,2.3585258515113536,103.02349686604892,4.402610233951497,5.895836045514185,14788.763757849942,29.773208095595393,50.039864873396446,0.2678818876486509,19.408658563058772,2015-02-01
2015.1666666666667,2.2962674800951466,103.276113165809,4.638919726345613,5.893053820792865,14952.016828097854,29.59456139734678,49.933032928906684,0.24176732638601048,19.495508893076877,2015-03-01
2015.25,2.303086015274771,103.5233768764721,4.8986763232511,5.891465931696838,15118.843484777219,29.390168629103,49.819156946075445,0.221152602468389,19.57103026561744,2015-04-01
2015.3333333333333,2.3688425865730265,103.76081597523226,5.171627870738628,5.890884984086882,15288.328001922853,29.166138514711463,49.70788970444659,0.2055340021518761,19.635701956244333,2015-05-01
2015.4166666666667,2.483398323513358,103.9839584392833,5.44752221487901,5.891123583823783,15459.5546535696,28.928579778019344,49.608883983564006,0.19440781169261592,19.69000324052129,2015-06-01
2015.5,2.6366143556181907,104.1883322458173,5.716107201740782,5.8919943367683265,15631.6077137509,28.6836011428758,49.53179256297239,0.18727031734683697,19.734413394011625,2015-07-01
2015.5833333333333,2.8183518124108504,104.36946537202815,5.967130677394766,5.8933098487812945,15803.571456501595,28.437311333128054,49.48626822221559,0.18361780537067188,19.769411692279107,2015-08-01
2015.6666666666667,3.018471823414972,104.5228857951095,6.190340487911589,5.894882725723477,15974.530155856526,28.195819072623294,49.481963740837784,0.1829465620202912,19.79547741088741,2015-09-01
2015.75,3.226835518152515,104.64412149225384,6.375484479360074,5.8965255734556505,16143.56808584913,27.9652330852107,49.52853189838315,0.18475287355186643,19.813089825399995,2015-10-01
2015.8333333333333,3.4333040261470797,104.72870044065485,6.512310497810939,5.898050997838606,16309.769520514257,27.75166209473746,49.635625474395745,0.1885330262215608,19.82272821138055,2015-11-01
2015.9166666666667,3.627738476922244,104.77215061750589,6.590566389334377,5.89927160473313,16472.218733886722,27.56121482505092,49.8128972484203,0.19378330628555895,19.82487184439269,2015-12-01
2016.0,3.8,104.77,6.6,5.9,16630.0,27.4,50.07,0.2,19.82,2016-01-01
2016.0833333333333,3.942063671048082,104.7211911982424,6.534286675073425,5.900047552943541,16782.46035269466,27.272923144206548,50.41404851040252,0.20675657603625386,19.808864646512138,2016-02-01
2016.1666666666667,4.054360350310388,104.63832535398497,6.40281175660054,5.89922068664221,16929.997865034136,27.180076985391064,50.84200556778914,0.21393523272645162,19.793308523222798,2016-03-01
2016.25,4.139434844174047,104.53741824189208,6.21888808582367,5.897324587618007,17073.27336988641,27.12035105204932,51.348295962040645,0.2214953508178535,19.77544706217183,2016-04-01
2016.3333333333333,4.199831959027146,104.43448563662746,5.995828503984114,5.894164442392926,17212.947700120654,27.092634872676292,51.92734448304125,0.22939631105777802,19.75739569539896,2016-05-01
2016.4166666666667,4.238096501257499,104.34554331285479,5.746945852322749,5.88954543748895,17349.681688606026,27.095817975767297,52.573575920675964,0.2375974941935474,19.741269854943916,2016-06-01
2016.5,4.256773277252641,104.2866070452385,5.485552972082535,5.883272759428096,17484.13616821054,27.128789889817593,53.281415064824394,0.24605828097241622,19.729184972846557,2016-07-01
2016.5833333333333,4.2584070934004465,104.27369260844219,5.224962704504402,5.875151594732352,17616.97197180337,27.190440143322416,54.04528670537136,0.25473805214170603,19.723256481146603,2016-08-01
2016.6666666666667,4.245542756088599,104.32281577713005,4.9784878908292844,5.864987129923682,17748.84993225364,27.279658264777314,54.85961563220231,0.2635961884487405,19.725599811883836,2016-09-01
2016.75,4.220725071704915,104.44999232596567,4.759441372300133,5.852584551524137,17880.430882429406,27.39533378267707,55.71882663519594,0.27259207064077084,19.73833039709801,2016-10-01
2016.8333333333333,4.186498846637116,104.67123802961302,4.5811359901578275,5.837749046055687,18012.375655199812,27.536356225517164,56.61734450423756,0.28168507946512045,19.76356366882889,2016-11-01
2016.9166666666667,4.145408887272821,105.00256866273709,4.456884585643687,5.820285800040278,18145.34508343399,27.701615121793356,57.549594029212884,0.2908345956691137,19.80341505911637,2016-12-01
2017.0,4.1,105.46,4.4,5.8,18280.0,27.89,58.51,0.3,19.86,2017-01-01
2017.0833333333333,4.053369927258951,106.0567730632031,4.419386584273437,5.777006150119084,18416.88672951875,28.099827336838025,59.491608909065306,0.3091427341322524,19.93460970274441,2017-02-01
2017.1666666666667,4.010828155700639,106.7950298626962,4.506314728733459,5.752656025230858,18556.093563618248,28.327121401829466,60.48195405919852,0.31823248344893773,20.02523849551352,2017-03-01
2017.25,3.9782371080290404,107.67413765595953,4.6476463334542215,5.728610717831133,18697.594285677147,28.567333412699707,61.467190455761965,0.32724099426019704,20.12905648569525,2017-04-01
2017.3333333333333,3.9614592069477648,108.69346370047923,4.830243298510535,5.706531320415519,18841.36267907522,28.81591458717598,62.433473104126136,0.3361400128762459,20.243233780678256,2017-05-01
2017.4166666666667,3.9663568751605918,109.85237525374295,5.04096752397766,5.688078925479645,18987.372527192278,29.0683161429856,63.36695700966127,0.3449012856072986,20.3649404878513,2017-06-01
2017.5,3.9987925353712424,111.15023957322869,5.266680909929076,5.674914625519291,19135.597613406928,29.319989297853816,64.25379717773004,0.35349655876349806,20.491346714602145,2017-07-01
2017.5833333333333,4.064628610283429,112.58642391642368,5.4942453564399845,5.668699513030075,19286.011721098963,29.56638526950794,65.08014861370279,0.3618975786550591,20.619622568319528,2017-08-01
2017.6666666666667,4.169727522601232,114.16029554081672,5.710522763585606,5.671094680507691,19438.588633648214,29.802955275675227,65.83216632294928,0.3700760915921945,20.74693815639223,2017-09-01
2017.75,4.319951695027822,115.8712217038835,5.902375031439393,5.683761220447804,19593.30213443325,30.02515053408101,66.49600531083308,0.3780038438850501,20.87046358620796,2017-10-01
2017.8333333333333,4.521163550267164,117.71856966311245,6.056664060076612,5.708360225346081,19750.126006833874,30.22842226245259,67.05782058272419,0.3856525818438393,20.987368965155515,2017-11-01
2017.9166666666667,4.779225511023777,119.70170667599345,6.160251749572126,5.746552787698324,19909.03403422995,30.408221678517037,67.50376714399137,0.39299405177877245,21.094824400623583,2017-12-01
2018.0,5.1,121.82,6.2,5.8,20070.0,30.56,67.82,0.4,21.19,2018-01-01
2018.0833333333333,5.4862390273231885,124.06847002116292,6.1660026359809335,5.869589883617176,20233.152451451784,30.680134406588714,67.99624039036922,0.40661461706432084,21.271168764732078,2018-02-01
2018.1666666666667,5.928252952813353,126.42474963967972,6.061281180317631,5.95311817539731,20399.238991604776,30.76870592581044,68.03647449171709,0.41267187051487936,21.3410152725013,2018-03-01
2018.25,6.413241723709788,128.86212488426978,5.892089080359446,6.047607541057458,20569.16198740501,30.826721547151845,67.94825471491146,0.41797817214135846,21.40332699504717,2018-04-01
2018.3333333333333,6.92840528725537,131.35388178367162,5.664679783454952,6.150080646315349,20743.823805799868,30.855188260100352,67.73913347082079,0.42233993373349205,21.461891404109767,2018-05-01
2018.4166666666667,7.460943590693303,133.87330636662446,5.385306736952089,6.2575601568888,20924.126813736795,30.855113054143068,67.41666317031215,0.42556356708100357,21.52049597142915,2018-06-01
2018.5,7.998056581262388,136.39368466184672,5.060223388201162,6.367068738494738,21110.973378161747,30.827502918767138,66.98839622425544,0.4274554839735915,21.58292816874487,2018-07-01
2018.5833333333333,8.526944206205801,138.88830269807752,4.695683184550241,6.475629056850971,21305.265866022142,30.773364843459753,66.46188504351804,0.4278220962009826,21.652975467796974,2018-08-01
2018.6666666666667,9.034806412766622,141.33044650405577,4.2979395733469685,6.580263777675294,21507.906644265488,30.693705817707805,65.8446820389663,0.4264698155528872,21.734425340325583,2018-09-01
2018.75,9.508843148183795,143.6934021085003,3.873246001942296,6.67799556668465,21719.798079837612,30.58953283099887,65.1443396214717,0.42320505381902873,21.83106525807014,2018-10-01
2018.8333333333333,9.936254359700472,145.95045554015013,3.4278559176839467,6.765847089596851,21941.842539686,30.461852872819907,64.36841020190079,0.4178342227891223,21.94668269277072,2018-11-01
2018.9166666666667,10.304239994559307,148.07489282774316,2.968022767919418,6.8408410121296,22174.94239075824,30.31167293265763,63.52444619111931,0.4101637342528601,22.085065116167634,2018-12-01
2019.0,10.6,150.04,2.5,6.9,22420.0,30.14,62.62,0.4,22.25,2019-01-01
2019.0833333333333,10.814116093076288,151.82506444472725,2.030144538470131,6.9411042228193285,22677.511566525005,29.948518138658574,61.66408925167957,0.38725759390674175,22.444355284623033,2019-02-01
2019.1666666666667,10.950697070084734,153.43337898600313,1.56522721666187,6.964963865772811,22946.348618111788,29.741619709743873,60.67159241837748,0.37228373819526317,22.6673207848522,2019-03-01
2019.25,11.017233497131803,154.87423780696136,1.1121223451079947,6.973146617939035,23224.976514702827,29.524374148692917,59.65885318459216,0.3555338171743692,22.91716678411608,2019-04-01
2019.3333333333333,11.021215940325161,156.15693509074896,0.6777042343374508,6.967220168396806,23511.86061624278,29.301850890941065,58.64221523481394,0.337463215152744,23.19216356584505,2019-05-01
2019.4166666666667,10.970134965771798,157.2907650205112,0.2688471948793886,6.948752206224771,23805.46628267642,29.07911937192359,57.63802225353311,0.31852731643905746,23.49058141346976,2019-06-01
2019.5,10.871481139579203,158.28502177938444,-0.10757446273372029,6.919310420501753,24104.258873946084,28.86124902707762,56.662617925248185,0.2991815053421362,23.810690610418376,2019-07-01
2019.5833333333333,10.732745027854502,159.14899955051428,-0.4446864279728051,6.880462500306433,24406.70374999651,28.653309291838433,55.732345934449384,0.2798811661706518,24.150761440121496,2019-08-01
2019.6666666666667,10.561417196704385,159.89199251704514,-0.7356143903083662,6.8337761347173895,24711.266270772492,28.46036960164141,54.863549965627435,0.26108168323327613,24.50906418600992,2019-09-01
2019.75,10.364988212237002,160.52329486211528,-0.973484039208575,6.780819012813597,25016.411796216304,28.287499391923514,54.07257370328012,0.24323844083883514,24.883869131511485,2019-10-01
2019.8333333333333,10.150948640559115,161.0522007688694,-1.1514210641440679,6.723158823673651,25320.605686272724,28.139768098120083,53.37576083189795,0.22680682329599894,25.273446560056964,2019-11-01
2019.9166666666667,9.926789047777302,161.48800442045095,-1.2625511545848247,6.662363256376102,25622.313300886522,28.02224515566673,52.7894550359725,0.21224221491345296,25.67606675507727,2019-12-01
2020.0,9.7,161.84,-1.3,6.6,25920.0,27.94,52.33,0.2,26.09,2020-01-01
2020.0833333333333,9.478072063333796,162.1174816906603,-1.2568932898597662,6.537636743623898,26212.13114355793,27.89810206655542,52.01373940847168,0.19053556286431975,26.513516578256052,2020-02-01
2020.1666666666667,9.268495803885346,162.3297436755748,-1.1263567136334172,6.476841176326348,26497.172091505035,27.901620790768956,51.857016945880346,0.1843042878151223,26.944886773276405,2020-03-01
2020.25,9.078761787762996,162.48608013788473,-0.901515960791425,6.419180987186403,26773.5882037837,27.955625608076488,51.876176296719876,0.1817615591611649,27.382380868488514,2020-04-01
2020.3333333333333,8.916360581073354,162.5957852607332,-0.5754967208033314,6.36622386528261,27039.844840338657,28.065185953913854,52.08756114548263,0.1833627612111482,27.82426914732335,2020-05-01
2020.4166666666667,8.788782749923318,162.6681532272628,-0.14142468313757336,6.319537499693566,27294.407361114547,28.235371263717493,52.50751517666302,0.18956327827381803,28.268821893211925,2020-06-01
2020.5,8.703518860420797,162.7124782206156,0.4075744627337199,6.280689579498245,27535.741126053916,28.47125097292238,53.15238207475181,0.20081849465786383,28.714309389581622,2020-07-01
2020.5833333333333,8.668059478672582,162.73805442393416,1.0783750273418076,6.251247793775227,27762.311495101425,28.777894516964782,54.03850552424284,0.2175837946720183,29.159001919863453,2020-08-01
2020.6666666666667,8.68989517078602,162.7541760203611,1.8778513212192767,6.232779831603194,27972.583828201583,29.160371331281752,55.18222920963258,0.24031456262507422,29.60116976748842,2020-09-01
2020.75,8.776516502868198,162.7701371930386,2.812877654892005,6.226853382060965,28165.023485297177,29.623750851307086,56.59989681540784,0.26946618282563084,30.039083215883917,2020-10-01
2020.8333333333333,8.935414041026288,162.79523212510932,3.890328338892219,6.235036134227189,28338.09582633276,30.17310251247762,58.30785202606435,0.30549403958246407,30.471012548480957,2020-11-01
2020.9166666666667,9.174078351368252,162.8387549997157,5.117077683753703,6.258895777180671,28490.26621125266,30.813495750231123,60.32243852610107,0.3488535172044249,30.89522804871049,2020-12-01
2021.0,9.5,162.91,6.5,6.300000000000001,28620.0,31.55,62.66,0.4,31.31,2021-01-01
